RK,PLAYER NAME,TEAM,POS,OPP
1,Jahmyr Gibbs,DET,RB1,at ARI
2,Bijan Robinson,ATL,RB2,vs. BAL
3,Jaxon Smith-Njigba,SEA,WR1,vs. SF
4,Puka Nacua,LAR,WR2,vs. BUF
5,Amon-Ra St. Brown,DET,WR3,at ARI
6,Josh Allen,BUF,QB1,at LAR
7,CeeDee Lamb,DAL,WR4,vs. TB
8,Dak Prescott,DAL,QB2,vs. TB
9,Jared Goff,DET,QB3,at ARI
10,Matthew Stafford,LAR,QB4,vs. BUF
11,Joe Burrow,CIN,QB5,at MIA
12,Jacoby Brissett,ARI,QB6,vs. DET
13,Jonathan Taylor,IND,RB3,at PIT
14,Drake Maye,NE,QB7,vs. LV
15,Drake London,ATL,WR5,vs. BAL
16,Trevor Lawrence,JAC,QB8,vs. PHI
17,Kyren Williams,LAR,RB4,vs. BUF
18,Trey McBride,ARI,TE1,vs. DET
19,Chase Brown,CIN,RB5,at MIA
20,Christian McCaffrey,SF,RB6,at SEA
21,Brock Purdy,SF,QB9,at SEA
22,Jayden Daniels,WAS,QB10,vs. NYG
23,Chris Olave,NO,WR6,vs. MIN
24,Jaylen Warren,PIT,RB7,vs. IND
25,Michael Wilson,ARI,WR7,vs. DET
26,Nico Collins,HOU,WR8,at TEN
27,Bo Nix,DEN,QB11,at LAC
28,Jordan Love,GB,QB12,vs. CHI
29,Tyler Shough,NO,QB13,vs. MIN
30,Derrick Henry,BAL,RB8,at ATL
31,C.J. Stroud,HOU,QB14,at TEN
32,Javonte Williams,DAL,RB9,vs. TB
33,Kyler Murray,MIN,QB15,at NO
34,Brock Bowers,LV,TE2,at NE
35,Aaron Jones Sr.,MIN,RB10,at NO
36,Sam Darnold,SEA,QB16,vs. SF
37,Jalen Hurts,PHI,QB17,at JAC
38,James Cook III,BUF,RB11,at LAR
39,Garrett Wilson,NYJ,WR9,vs. CLE
40,Jalon Daniels,TB,QB18,at DAL
41,Davante Adams,LAR,WR10,vs. BUF
42,Aaron Rodgers,PIT,QB19,vs. IND
43,Tyson Bagent,CHI,QB20,at GB
44,Zay Flowers,BAL,WR11,at ATL
45,Ashton Jeanty,LV,RB12,at NE
46,George Pickens,DAL,WR12,vs. TB
47,Jameis Winston,NYG,QB21,at WAS
48,Deshaun Watson,CLE,QB22,at NYJ
49,Malik Nabers,NYG,WR13,at WAS
50,Kirk Cousins,LV,QB23,at NE
51,Justin Herbert,LAC,QB24,vs. DEN
52,Parker Washington,JAC,WR14,vs. PHI
53,D'Andre Swift,CHI,RB13,at GB
54,Christian Watson,GB,WR15,vs. CHI
55,Geno Smith,NYJ,QB25,vs. CLE
56,Michael Penix Jr.,ATL,QB26,vs. BAL
57,Jeremiyah Love,ARI,RB14,vs. DET
58,Bhayshul Tuten,JAC,RB15,vs. PHI
59,Matthew Golden,GB,WR16,vs. CHI
60,Tyler Huntley,BAL,QB27,at ATL
61,Daniel Jones,IND,QB28,at PIT
62,Braelon Allen,NYJ,RB16,vs. CLE
63,Malik Willis,MIA,QB29,vs. CIN
64,Sam LaPorta,DET,TE3,at ARI
65,Justin Jefferson,MIN,WR17,at NO
66,George Kittle,SF,TE4,at SEA
67,Emanuel Wilson,SEA,RB17,vs. SF
68,Quinshon Judkins,CLE,RB18,at NYJ
69,Cam Skattebo,NYG,RB19,at WAS
70,DK Metcalf,PIT,WR18,vs. IND
71,Jaylen Waddle,DEN,WR19,at LAC
72,Cam Ward,TEN,QB30,vs. HOU
73,Bucky Irving,TB,RB20,at DAL
74,Luther Burden III,CHI,WR20,at GB
75,Josh Downs,IND,WR21,at PIT
76,Rhamondre Stevenson,NE,RB21,vs. LV
77,Jameson Williams,DET,WR22,at ARI
78,Carnell Tate,TEN,WR23,vs. HOU
79,Tyler Warren,IND,TE5,at PIT
80,Mike Evans,SF,WR24,at SEA
81,Isaiah Likely,NYG,TE6,at WAS
82,Dalton Kincaid,BUF,TE7,at LAR
83,Malik Washington,MIA,WR25,vs. CIN
84,Romeo Doubs,NE,WR26,vs. LV
85,Stefon Diggs,WAS,WR27,vs. NYG
86,David Montgomery,HOU,RB22,at TEN
87,Denzel Boston,CLE,WR28,at NYJ
88,Will Shipley,PHI,RB23,at JAC
89,Deebo Samuel Sr.,SF,WR29,at SEA
90,Khalil Shakir,BUF,WR30,at LAR
91,Harold Fannin Jr.,CLE,TE8,at NYJ
92,KC Concepcion Jr.,CLE,WR31,at NYJ
93,Jordan Addison,MIN,WR32,at NO
94,RJ Harvey,DEN,RB24,at LAC
95,Devaughn Vele,NO,WR33,vs. MIN
96,Alvin Kamara,NO,RB25,vs. MIN
97,Jacory Croskey-Merritt,WAS,RB26,vs. NYG
98,Omarion Hampton,LAC,RB27,vs. DEN
99,Kyle Monangai,CHI,RB28,at GB
100,Rome Odunze,CHI,WR34,at GB
101,Tucker Kraft,GB,TE9,vs. CHI
102,Ollie Gordon II,MIA,RB29,vs. CIN
103,Colston Loveland,CHI,TE10,at GB
104,Juwan Johnson,NO,TE11,vs. MIN
105,Tony Pollard,TEN,RB30,vs. HOU
106,Jakobi Meyers,JAC,WR35,vs. PHI
107,Mike Gesicki,CIN,TE12,at MIA
108,Dohnte Meyers,CIN,WR36,at MIA
109,Dontayvion Wicks,PHI,WR37,at JAC
110,TreVeyon Henderson,NE,RB31,vs. LV
111,Wan'Dale Robinson,TEN,WR38,vs. HOU
112,Tre Tucker,LV,WR39,at NE
113,Keon Coleman,BUF,WR40,at LAR
114,Emeka Egbuka,TB,WR41,at DAL
115,T.J. Hockenson,MIN,TE13,at NO
116,Tre' Harris,LAC,WR42,vs. DEN
117,Kenyon Sadiq,NYJ,TE14,vs. CLE
118,Mark Andrews,BAL,TE15,at ATL
119,Courtland Sutton,DEN,WR43,at LAC
120,Marvin Harrison Jr.,ARI,WR44,vs. DET
121,J.K. Dobbins,DEN,RB32,at LAC
122,Kalif Raymond,CHI,WR45,at GB
123,Dalton Schultz,HOU,TE16,at TEN
124,Jake Ferguson,DAL,TE17,vs. TB
125,Tyler Allgeier,ARI,RB33,vs. DET
126,Makai Lemon,PHI,WR46,at JAC
127,Keaton Mitchell,LAC,RB34,vs. DEN
128,Hunter Henry,NE,TE18,vs. LV
129,Quentin Johnston,LAC,WR47,vs. DEN
130,Woody Marks,HOU,RB35,at TEN
131,Roman Wilson,PIT,WR48,vs. IND
132,Chris Godwin Jr.,TB,WR49,at DAL
133,Antonio Williams,WAS,WR50,vs. NYG
134,Brenton Strange,JAC,TE19,vs. PHI
135,Tyler Higbee,LAR,TE20,vs. BUF
136,Ryan Flournoy,DAL,WR51,vs. TB
137,Pat Freiermuth,PIT,TE21,vs. IND
138,Oronde Gadsden II,LAC,TE22,vs. DEN
139,Chris Bell,MIA,WR52,vs. CIN
140,Brian Thomas Jr.,JAC,WR53,vs. PHI
141,MarShawn Lloyd,GB,RB36,vs. CHI
142,Rashid Shaheed,SEA,WR54,vs. SF
143,Malachi Fields,NYG,WR55,at WAS
144,Cade Otton,TB,TE23,at DAL
145,Kendrick Bourne,ARI,WR56,vs. DET
146,Kayshon Boutte,HOU,WR57,at TEN
147,Isaiah Williams,NYJ,WR58,vs. CLE
148,AJ Barner,SEA,TE24,vs. SF
149,George Holani,SEA,RB37,vs. SF
150,Isaac TeSlaa,DET,WR59,at ARI
151,Brian Robinson Jr.,ATL,RB38,vs. BAL
152,Kyle Pitts Sr.,ATL,TE25,vs. BAL
153,Kendre Miller,NO,RB39,vs. MIN
154,Blake Corum,LAR,RB40,vs. BUF
155,Michael Mayer,LV,TE26,at NE
156,DeMario Douglas,NE,WR60,vs. LV
157,Rashod Bateman,BAL,WR61,at ATL
158,Kaleb Johnson,GB,RB41,vs. CHI
159,Cooper Kupp,SEA,WR62,vs. SF
160,Darius Cooper,PHI,WR63,at JAC
161,Chris Rodriguez Jr.,JAC,RB42,vs. PHI
162,Ja'Marr Chase,CIN,WR64,at MIA
163,Xavier Hutchinson,HOU,WR65,at TEN
164,Jaylen Wright,MIA,RB43,vs. CIN
165,Chig Okonkwo,WAS,TE27,vs. NYG
166,Kenny Gainwell,TB,RB44,at DAL
167,Jaylin Noel,HOU,WR66,at TEN
168,Jauan Jennings,MIN,WR67,at NO
169,Evan Engram,DEN,TE28,at LAC
170,Greg Dulcich,MIA,TE29,vs. CIN
171,Mike Washington Jr.,LV,RB45,at NE
172,Darnell Washington,PIT,TE30,vs. IND
173,Laquon Treadwell,IND,WR68,at PIT
174,Ted Hurst III,TB,WR69,at DAL
175,Tyjae Spears,TEN,RB46,vs. HOU
176,Jahan Dotson,ATL,WR70,vs. BAL
177,Samaje Perine,CIN,RB47,at MIA
178,Rachaad White,WAS,RB48,vs. NYG
179,Justice Hill,BAL,RB49,at ATL
180,Germie Bernard,PIT,WR71,vs. IND
181,Gunnar Helm,TEN,TE31,vs. HOU
182,Mitch Tinsley,CIN,WR72,at MIA
183,Austin Ekeler,WAS,RB50,vs. NYG
184,Noah Fant,NO,TE32,vs. MIN
185,Kaelon Black,SF,RB51,at SEA
186,Ty Johnson,BUF,RB52,at LAR
187,Joshua Palmer,BUF,WR73,at LAR
188,Kimani Vidal,LAC,RB53,vs. DEN
189,Najee Harris,NYG,RB54,at WAS
190,Isaiah Davis,NYJ,RB55,vs. CLE
191,Jerry Jeudy,CLE,WR74,at NYJ
192,Darnell Mooney,NYG,WR75,at WAS
193,Terry McLaurin,WAS,WR76,vs. NYG
194,Raheim Sanders,CLE,RB56,at NYJ
195,Keenan Allen,IND,WR77,at PIT
196,Josh Cameron,JAC,WR78,vs. PHI
197,Cody White,LV,WR79,at NE
198,Troy Franklin,DEN,WR80,at LAC
199,Efton Chism III,NE,WR81,vs. LV
200,Kevin Coleman Jr.,MIA,WR82,vs. CIN
201,Tez Johnson,TB,WR83,at DAL
202,Bryce Lance,NO,WR84,vs. MIN
203,Zach Ertz,PHI,TE33,at JAC
204,Elic Ayomanor,TEN,WR85,vs. HOU
205,Dameon Pierce,PHI,RB57,at JAC
206,Skyy Moore,GB,WR86,vs. CHI
207,Chris Brooks,GB,RB58,vs. CHI
208,Sione Vaki,DET,RB59,at ARI
209,Theo Johnson,NYG,TE34,at WAS
210,Tyler Badie,DEN,RB60,at LAC
211,Dallas Goedert,PHI,TE35,at JAC
212,Kyle Williams,NE,WR87,vs. LV
213,Zachariah Branch,ATL,WR88,vs. BAL
214,Olamide Zaccheaus,ATL,WR89,vs. BAL
215,Tyler Goodson,DAL,RB61,vs. TB
216,Calvin Ridley,TEN,WR90,vs. HOU
217,Treylon Burks,WAS,WR91,vs. NYG
218,Matt Hibner,BAL,TE36,at ATL
219,Tory Horton,SEA,WR92,vs. SF
220,Dyami Brown,WAS,WR93,vs. NYG
221,Ladd McConkey,LAC,WR94,vs. DEN
222,Konata Mumpfield,LAR,WR95,vs. BUF
223,Sean Tucker,TB,RB62,at DAL
224,Marvin Mims Jr.,DEN,WR96,at LAC
225,Demond Claiborne,MIN,RB63,at NO
226,Seth McGowan,IND,RB64,at PIT
227,DJ Moore,BUF,WR97,at LAR
228,Tee Higgins,CIN,WR98,at MIA
229,Michael Pittman Jr.,PIT,WR99,vs. IND
230,Ray Davis,BUF,RB65,at LAR
231,Marquez Valdes-Scantling,LAC,WR100,vs. DEN
232,Jordan Watkins,SF,WR101,at SEA
233,KaVontae Turpin,DAL,WR102,vs. TB
234,Devontez Walker,BAL,WR103,at ATL
235,Mack Hollins,NE,WR104,vs. LV
236,Tanner Hudson,CIN,TE37,at MIA
237,LeQuint Allen Jr.,JAC,RB66,vs. PHI
238,Malik Benson,LV,WR105,at NE
239,Jalen Nailor,LV,WR106,at NE
240,Cole Kmet,CHI,TE38,at GB
241,Dawson Knox,BUF,TE39,at LAR
242,DeeJay Dallas,MIN,RB67,at NO
243,Rico Dowdle,PIT,RB68,vs. IND
244,Lamar Jackson,BAL,QB31,at ATL
245,Roschon Johnson,CHI,RB69,at GB
246,CJ Donaldson,NO,RB70,vs. MIN
247,Drew Sample,CIN,TE40,at MIA
248,Tyrone Tracy Jr.,NYG,RB71,at WAS
249,Jonnu Smith,GB,TE41,vs. CHI
250,Mason Taylor,NYJ,TE42,vs. CLE
251,Jordan Whittington,LAR,WR107,vs. BUF
252,Eli Raridon,NE,TE43,vs. LV
253,Jacob Cowing,SF,WR108,at SEA
254,Chimere Dike,TEN,WR109,vs. HOU
255,Colby Parkinson,LAR,TE44,vs. BUF
256,Nicholas Singleton,TEN,RB72,vs. HOU
257,Elijah Sarratt,BAL,WR110,at ATL
258,Jaleel McLaughlin,CLE,RB73,at NYJ
259,Foster Moreau,HOU,TE45,at TEN
260,Austin Hooper,ATL,TE46,vs. BAL
261,Travis Homer,PIT,RB74,vs. IND
262,Daniel Bellinger,TEN,TE47,vs. HOU
263,Brock Wright,DET,TE48,at ARI
264,Ameer Abdullah,JAC,RB75,vs. PHI
265,Elijah Higgins,ARI,TE49,vs. DET
266,Ashton Dulin,IND,WR111,at PIT
267,Jaydon Blue,PHI,RB76,at JAC
268,Elijah Arroyo,SEA,TE50,vs. SF
269,Hunter Luepke,DAL,RB77,vs. TB
270,Davis Allen,LAR,TE51,vs. BUF
271,Brevyn Spann-Ford,DAL,TE52,vs. TB
272,Corey Kiner,NE,RB78,vs. LV
273,Tutu Atwell,LAR,WR112,vs. BUF
274,Saquon Barkley,PHI,RB79,at JAC
275,Jeremy Ruckert,NYJ,TE53,vs. CLE
276,Blake Whiteheart,CLE,TE54,at NYJ
277,Tahj Brooks,CIN,RB80,at MIA
278,Sam Roush,CHI,TE55,at GB
279,Ben Skowronek,PIT,WR113,vs. IND
280,Devin Singletary,NYG,RB81,at WAS
281,Chris Moore,BAL,WR114,at ATL
282,Sterling Shepard,NYJ,WR115,vs. CLE
283,Travis Hunter,JAC,WR116,vs. PHI
284,Jared Wayne,HOU,WR117,at TEN
285,Brandin Cooks,SF,WR118,at SEA
286,Dareke Young,LV,WR119,at NE
287,Bam Knight,ARI,RB82,vs. DET
288,Tai Felton,MIN,WR120,at NO
289,Case Keenum,CHI,QB32,at GB
290,Isaiah Bond,CLE,WR121,at NYJ
291,Jarquez Hunter,MIA,RB83,vs. CIN
292,Will Kacmarek,MIA,TE56,vs. CIN
293,Adam Trautman,DEN,TE57,at LAC
294,Jacob Saylors,DET,RB84,at ARI
295,Jordan James,SF,RB85,at SEA
296,Luke McCaffrey,WAS,WR122,vs. NYG
297,Nate Adkins,DEN,TE58,at LAC
298,Kaytron Allen,FA,RB86,-
299,Alec Ingold,LAC,RB87,vs. DEN
300,Erick All Jr.,CIN,TE59,at MIA
301,Bo Melton,GB,WR123,vs. CHI
302,Darius Slayton,IND,WR124,at PIT
303,Johnny Mundt,PHI,TE60,at JAC
304,Skyler Bell,BUF,WR125,at LAR
305,Shedeur Sanders,CLE,QB33,at NYJ
306,Carson Wentz,MIN,QB34,at NO
307,Deion Burks,IND,WR126,at PIT
308,Fernando Mendoza,LV,QB35,at NE
309,Patrick Ricard,NYG,RB88,at WAS
310,Ryan Miller,MIA,WR127,vs. CIN
311,Adonai Mitchell,NYJ,WR128,vs. CLE
312,J. Michael Sturdivant,GB,WR129,vs. CHI
313,Charlie Kolar,LAC,TE61,vs. DEN
314,Adam Prentice,DEN,RB89,at LAC
315,Reggie Gilliam,NE,RB90,vs. LV
316,Nate Boerkircher,JAC,TE62,vs. PHI
317,Dylan Laube,LV,RB91,at NE
318,Caleb Douglas,MIA,WR130,vs. CIN
319,DJ Giddens,IND,RB92,at PIT
320,Jelani Woods,NYJ,TE63,vs. CLE
321,Luke Schoonmaker,DAL,TE64,vs. TB
322,Rasheen Ali,BAL,RB93,at ATL
323,Chris Blair,ATL,WR131,vs. BAL
324,Mark Redman,GB,TE65,vs. CHI
325,Zavion Thomas,CHI,WR132,at GB
326,Cade Stover,HOU,TE66,at TEN
327,Kameron Johnson,TB,WR133,at DAL
328,Jalen Tolbert,MIA,WR134,vs. CIN
329,Jackson Hawes,BUF,TE67,at LAR
330,Gavin Bartholomew,MIN,TE68,at NO
331,Charlie Jones,NYG,WR135,at WAS
332,DeVonta Smith,PHI,WR136,at JAC
333,Kevin Austin Jr.,NO,WR137,vs. MIN
334,Luke Farrell,SF,TE69,at SEA
335,Ian Thomas,LV,TE70,at NE
336,LaJohntay Wester,BAL,WR138,at ATL
337,Derius Davis,LAC,WR139,vs. DEN
338,Drew Ogletree,IND,TE71,at PIT
339,Hendon Hooker,TEN,QB36,vs. HOU
340,Sam Howell,DAL,QB37,vs. TB
341,Charlie Woerner,ATL,TE72,vs. BAL
342,Mo Alie-Cox,IND,TE73,at PIT
343,Ty Simpson,LAR,QB38,vs. BUF
344,Mitchell Trubisky,TEN,QB39,vs. HOU
345,Ke'Shawn Williams,CIN,WR140,at MIA
346,John Bates,WAS,TE74,vs. NYG
347,Carson Beck,ARI,QB40,vs. DET
348,Jonathan Mingo,DAL,WR141,vs. TB
349,Graham Mertz,HOU,QB41,at TEN
350,Nick Mullens,JAC,QB42,vs. PHI
351,Joshua Dobbs,DET,QB43,at ARI
352,Colbie Young,CIN,WR142,at MIA
353,Ben Sinnott,WAS,TE75,vs. NYG
354,Drew Lock,SEA,QB44,vs. SF
355,Eric Saubert,SEA,TE76,vs. SF
356,Elijah Moore,PHI,WR143,at JAC
357,Cooper Rush,ATL,QB45,vs. BAL
358,Michael Burton,CLE,RB94,at NYJ
359,Mac Jones,SF,QB46,at SEA
360,Spencer Rattler,NO,QB47,vs. MIN
361,Trey Lance,LAC,QB48,vs. DEN
362,Devin Leary,FA,QB49,-
363,Riley Leonard,IND,QB50,at PIT
364,Jarrett Stidham,DEN,QB51,at LAC
365,Athan Kaliakmanis,WAS,QB52,vs. NYG
366,Jalen Brooks,ARI,WR144,vs. DET
367,Malik McClain,NYJ,WR145,vs. CLE
368,Kyle McCord,MIA,QB53,vs. CIN
369,Mason Rudolph,PIT,QB54,vs. IND
370,Breece Hall,NYJ,RB95,vs. CLE
371,Will Howard,PIT,QB55,vs. IND
372,Collin Hill,FA,QB56,-
373,Marcus Mariota,WAS,QB57,vs. NYG
374,Pierre Strong Jr.,GB,RB96,vs. CHI
375,Andrew Beck,NYJ,RB97,vs. CLE
376,Cade Klubnik,NYJ,QB58,vs. CLE
377,Simi Fehoko,ARI,WR146,vs. DET
378,Oscar Delp,NO,TE77,vs. MIN
379,Hayden Rucci,LAC,TE78,vs. DEN
380,Bryce Young,CAR,QB59,-
381,Lil'Jordan Humphrey,DEN,WR147,at LAC
382,Lew Nichols III,PIT,RB98,vs. IND
383,Taylen Green,CLE,QB60,at NYJ
384,Gardner Minshew II,ARI,QB61,vs. DET
385,Chris Oladokun,FA,QB62,-
386,Brady Cook,MIA,QB63,vs. CIN
387,Anthony Richardson Sr.,IND,QB64,at PIT
388,Zach Wilson,NO,QB65,vs. MIN
389,Brevin Jordan,HOU,TE79,at TEN
390,Tyrod Taylor,GB,QB66,vs. CHI
391,Max Brosmer,MIN,QB67,at NO
392,Tay Martin,DET,WR148,at ARI
393,Jalen Milroe,SEA,QB68,vs. SF
394,Jake Haener,NYG,QB69,at WAS
395,Pat Bryant,DEN,WR149,at LAC
396,Andy Dalton,PHI,QB70,at JAC
397,Savion Williams,GB,WR150,vs. CHI
398,Joe Milton III,DAL,QB71,vs. TB
399,Patrick Mahomes II,KC,QB72,-
400,Tua Tagovailoa,ATL,QB73,vs. BAL
401,Chris Manhertz,NYG,TE80,at WAS
402,Jake Browning,FA,QB74,-
403,Josh Cuevas,BAL,TE81,at ATL
404,Dillon Gabriel,CLE,QB75,at NYJ
405,Tom Kennedy,DET,WR151,at ARI
406,Kurtis Rourke,SF,QB76,at SEA
407,Tanner McKee,PHI,QB77,at JAC
408,Myles Price,MIN,WR152,at NO
409,Barion Brown,NO,WR153,vs. MIN
410,Greg Dortch,BUF,WR154,at LAR
411,Cameron Latu,NE,TE82,vs. LV
412,Brayden Willis,SF,TE83,at SEA
413,Jahdae Walker,CHI,WR155,at GB
414,Quintin Morris,JAC,TE84,vs. PHI
415,Colson Yankoff,WAS,TE85,vs. NYG
416,Payne Durham,TB,TE86,at DAL
417,Josh Williams,TB,RB99,at DAL
418,Robert Tonyan,PIT,TE87,vs. IND
419,Patrick Herbert,LAC,TE88,vs. DEN
420,Max Klare,LAR,TE89,vs. BUF
421,Tanner Koziol,JAC,TE90,vs. PHI
422,Connor Heyward,LV,TE91,at NE
423,Seydou Traore,MIA,TE92,vs. CIN
424,Josh Whyle,GB,TE93,vs. CHI
425,E.J. Jenkins,PHI,TE94,at JAC
426,Keleki Latu,BUF,TE95,at LAR
427,Nick Muse,ATL,TE96,vs. BAL
428,Bauer Sharp,TB,TE97,at DAL
429,Ko Kieft,TB,TE98,at DAL
430,Teagan Quitoriano,ARI,TE99,vs. DET
431,Riley Nowakowski,PIT,TE100,vs. IND
432,Treyton Welch,NO,TE101,vs. MIN
433,David Martin-Robinson,TEN,TE102,vs. HOU
434,Marlin Klein,HOU,TE103,at TEN
435,Max Bredeson,MIN,RB100,at NO
436,Josiah Deguara,PHI,TE104,at JAC
437,Carsen Ryan,CLE,TE105,at NYJ
438,Nick Kallerup,SEA,TE106,vs. SF
439,Jack Endries,CIN,TE107,at MIA
440,Carlos Washington Jr.,MIA,RB101,vs. CIN
441,Will Mallory,IND,TE108,at PIT
442,Jack Westover,WAS,TE109,vs. NYG
443,Drake Dabney,GB,TE110,vs. CHI
444,Tyler Conklin,DET,TE111,at ARI
445,Grant Calcaterra,PHI,TE112,at JAC
446,James Mitchell,DAL,TE113,vs. TB
447,Kene Nwangwu,NYJ,RB102,vs. CLE
448,Kylen Granson,TEN,TE114,vs. HOU
449,Ben Yurosek,MIN,TE115,at NO
450,Dean Connors,LAR,RB103,vs. BUF
451,Lucas Krull,DEN,TE116,at LAC
452,Dallen Bentley,DEN,TE117,at LAC
453,Jack Stoll,SF,TE118,at SEA
454,Justin Joly,MIA,TE119,vs. CIN
455,Tanner Arkin,NE,TE120,vs. LV
456,Brady Russell,SEA,TE121,vs. SF
